pod-01	node-01	RESULT	files=163	bytes=413328348544	wall_s=146.495
pod-02	node-02	RESULT	files=163	bytes=413328348544	wall_s=130.583
pod-03	node-03	RESULT	files=163	bytes=413328348544	wall_s=128.086
pod-04	node-04	RESULT	files=163	bytes=413328348544	wall_s=125.808
pod-05	node-05	RESULT	files=163	bytes=413328348544	wall_s=160.598
pod-06	node-06	RESULT	files=163	bytes=413328348544	wall_s=175.001
pod-07	node-07	RESULT	files=163	bytes=413328348544	wall_s=170.820
pod-08	node-08	RESULT	files=163	bytes=413328348544	wall_s=198.344
pod-09	node-09	RESULT	files=163	bytes=413328348544	wall_s=192.701
pod-10	node-10	RESULT	files=163	bytes=413328348544	wall_s=199.739
pod-11	node-11	RESULT	files=163	bytes=413328348544	wall_s=183.574
pod-12	node-12	RESULT	files=163	bytes=413328348544	wall_s=191.608
pod-13	node-13	RESULT	files=163	bytes=413328348544	wall_s=189.479
pod-14	node-14	RESULT	files=163	bytes=413328348544	wall_s=194.961
pod-15	node-15	RESULT	files=163	bytes=413328348544	wall_s=214.154
pod-16	node-16	RESULT	files=163	bytes=413328348544	wall_s=226.101
pod-17	node-17	RESULT	files=163	bytes=413328348544	wall_s=213.096
