pod-A	RESULT files=163 bytes=413328348544 wall_s=175.819
pod-C	RESULT files=163 bytes=413328348544 wall_s=174.355
pod-H	RESULT files=163 bytes=413328348544 wall_s=192.396
pod-M	RESULT files=163 bytes=413328348544 wall_s=224.963
pod-K	RESULT files=163 bytes=413328348544 wall_s=230.787
pod-P	RESULT files=163 bytes=413328348544 wall_s=224.858
pod-E	RESULT files=163 bytes=413328348544 wall_s=221.214
pod-N	RESULT files=163 bytes=413328348544 wall_s=220.246
pod-L	RESULT files=163 bytes=413328348544 wall_s=231.488
pod-D	RESULT files=163 bytes=413328348544 wall_s=217.223
pod-I	RESULT files=163 bytes=413328348544 wall_s=232.245
pod-O	RESULT files=163 bytes=413328348544 wall_s=224.976
pod-Q	RESULT files=163 bytes=413328348544 wall_s=226.453
pod-F	RESULT files=163 bytes=413328348544 wall_s=230.497
pod-B	RESULT files=163 bytes=413328348544 wall_s=229.324
pod-G	RESULT files=163 bytes=413328348544 wall_s=239.683
pod-J	RESULT files=163 bytes=413328348544 wall_s=223.048
