pod-24	node-01c	files=163 bytes=413328348544 wall_s=797.289
pod-62	node-01g	files=163 bytes=413328348544 wall_s=803.816
pod-63	node-010	files=163 bytes=413328348544 wall_s=809.120
pod-49	node-011	files=163 bytes=413328348544 wall_s=813.274
pod-69	node-016	files=163 bytes=413328348544 wall_s=815.416
pod-01	node-01e	files=163 bytes=413328348544 wall_s=815.403
pod-20	node-012	files=163 bytes=413328348544 wall_s=817.166
pod-34	node-019	files=163 bytes=413328348544 wall_s=817.760
pod-59	node-018	files=163 bytes=413328348544 wall_s=838.299
pod-13	node-01h	files=163 bytes=413328348544 wall_s=842.796
pod-16	node-013	files=163 bytes=413328348544 wall_s=848.674
pod-41	node-01b	files=163 bytes=413328348544 wall_s=856.593
pod-33	node-014	files=163 bytes=413328348544 wall_s=861.111
pod-53	node-01f	files=163 bytes=413328348544 wall_s=872.583
pod-07	node-015	files=163 bytes=413328348544 wall_s=872.755
pod-26	node-01d	files=163 bytes=413328348544 wall_s=914.960
pod-65	node-01j	files=163 bytes=413328348544 wall_s=1054.103
