pod-29	node-01c	files=163 bytes=413328348544 wall_s=234.244
pod-35	node-01b	files=163 bytes=413328348544 wall_s=252.682
pod-43	node-018	files=163 bytes=413328348544 wall_s=253.727
pod-22	node-01h	files=163 bytes=413328348544 wall_s=259.819
pod-03	node-01j	files=163 bytes=413328348544 wall_s=264.851
pod-08	node-011	files=163 bytes=413328348544 wall_s=279.986
pod-15	node-019	files=163 bytes=413328348544 wall_s=280.064
pod-61	node-016	files=163 bytes=413328348544 wall_s=280.246
pod-57	node-01g	files=163 bytes=413328348544 wall_s=282.394
pod-30	node-015	files=163 bytes=413328348544 wall_s=287.740
pod-44	node-01e	files=163 bytes=413328348544 wall_s=288.700
pod-60	node-01f	files=163 bytes=413328348544 wall_s=290.031
pod-39	node-01d	files=163 bytes=413328348544 wall_s=290.114
pod-05	node-013	files=163 bytes=413328348544 wall_s=290.925
pod-51	node-010	files=163 bytes=413328348544 wall_s=291.158
pod-14	node-012	files=163 bytes=413328348544 wall_s=297.389
pod-56	node-014	files=163 bytes=413328348544 wall_s=305.847
