pod-37	node-014	files=163 bytes=413328348544 wall_s=449.325
pod-40	node-018	files=163 bytes=413328348544 wall_s=497.244
pod-42	node-019	files=163 bytes=413328348544 wall_s=500.095
pod-28	node-016	files=163 bytes=413328348544 wall_s=503.054
pod-68	node-01c	files=163 bytes=413328348544 wall_s=521.307
pod-09	node-010	files=163 bytes=413328348544 wall_s=523.249
pod-18	node-011	files=163 bytes=413328348544 wall_s=524.839
pod-50	node-01j	files=163 bytes=413328348544 wall_s=527.282
pod-38	node-01b	files=163 bytes=413328348544 wall_s=534.113
pod-11	node-01h	files=163 bytes=413328348544 wall_s=537.193
pod-52	node-012	files=163 bytes=413328348544 wall_s=553.152
pod-54	node-013	files=163 bytes=413328348544 wall_s=562.002
pod-48	node-01f	files=163 bytes=413328348544 wall_s=579.388
pod-32	node-01d	files=163 bytes=413328348544 wall_s=595.723
pod-10	node-01e	files=163 bytes=413328348544 wall_s=600.660
pod-46	node-01g	files=163 bytes=413328348544 wall_s=628.663
pod-25	node-015	files=163 bytes=413328348544 wall_s=739.869
