pod-31	node-016	files=163 bytes=413328348544 wall_s=250.926
pod-36	node-01e	files=163 bytes=413328348544 wall_s=261.503
pod-45	node-01g	files=163 bytes=413328348544 wall_s=278.567
pod-17	node-011	E0428 16:35:43.108641 2119882 websocket.go:297] Unknown stream id 1, discarding message
files=163 bytes=413328348544 wall_s=283.022
pod-23	node-018	files=163 bytes=413328348544 wall_s=285.204
pod-04	node-01d	files=163 bytes=413328348544 wall_s=289.681
pod-66	node-01j	files=163 bytes=413328348544 wall_s=290.448
pod-64	node-013	files=163 bytes=413328348544 wall_s=295.519
pod-47	node-015	files=163 bytes=413328348544 wall_s=297.818
pod-06	node-01c	files=163 bytes=413328348544 wall_s=298.184
pod-02	node-019	files=163 bytes=413328348544 wall_s=298.461
pod-21	node-014	files=163 bytes=413328348544 wall_s=301.493
pod-12	node-01h	files=163 bytes=413328348544 wall_s=305.459
pod-19	node-012	files=163 bytes=413328348544 wall_s=310.428
pod-67	node-01f	files=163 bytes=413328348544 wall_s=311.093
pod-27	node-01b	files=163 bytes=413328348544 wall_s=321.866
pod-58	node-010	files=163 bytes=413328348544 wall_s=325.775
