pod-82	node-07	files=163 bytes=413328348544 wall_s=182.325
pod-85	node-14	files=163 bytes=413328348544 wall_s=187.349
pod-76	node-12	files=163 bytes=413328348544 wall_s=189.672
pod-72	node-03	files=163 bytes=413328348544 wall_s=195.968
pod-84	node-10	files=163 bytes=413328348544 wall_s=200.644
pod-83	node-15	files=163 bytes=413328348544 wall_s=207.420
pod-80	node-09	files=163 bytes=413328348544 wall_s=207.540
pod-86	node-05	files=163 bytes=413328348544 wall_s=210.320
pod-70	node-13	files=163 bytes=413328348544 wall_s=211.643
pod-74	node-18	files=163 bytes=413328348544 wall_s=211.950
pod-78	node-06	files=163 bytes=413328348544 wall_s=212.549
pod-81	node-17	files=163 bytes=413328348544 wall_s=212.923
pod-73	node-11	files=163 bytes=413328348544 wall_s=215.949
pod-77	node-16	files=163 bytes=413328348544 wall_s=216.930
pod-79	node-08	files=163 bytes=413328348544 wall_s=218.681
pod-71	node-02	files=163 bytes=413328348544 wall_s=223.251
pod-75	node-04	files=163 bytes=413328348544 wall_s=230.599
